pixelmap.io,pixelmap.io,pixelmap.io,pixelmap.io,pixelmap.io,pixelmap.io,pixelmap.io,pixelmap.io,pixelmap.io,pixelmap.io,pixelmap.io,pixelmap.io,pixelmap.io,pixelmap.io,pixelmap.io,pixelmap.io,pixelmap.io,pixelmap.io,pixelmap.io,pixelmap.io,pixelmap.io,pixelmap.io,pixelmap.io,pixelmap.io,pixelmap.io,pixelmap.io,pixelmap.io,pixelmap.io,pixelmap.io,pixelmap.io,pixelmap.io,pixelmap.io,pixelmap.io,pixelmap.io,pixelmap.io,pixelmap.io,pixelmap.io,pixelmap.io,pixelmap.io,pixelmap.io,pixelmap.io,pixelmap.io,pixelmap.io,pixelmap.io,pixelmap.io,pixelmap.io,pixelmap.io,pixelmap.io,pixelmap.io
pixelmap.io,www.slashdot.org,pixelmap.io,pixelmap.io,pixelmap.io,pixelmap.io,pixelmap.io,pixelmap.io,pixelmap.io,pixelmap.io,pixelmap.io,pixelmap.io,pixelmap.io,pixelmap.io,pixelmap.io,pixelmap.io,pixelmap.io,pixelmap.io,pixelmap.io,pixelmap.io,pixelmap.io,pixelmap.io,pixelmap.io,pixelmap.io,pixelmap.io,pixelmap.io,pixelmap.io,pixelmap.io,pixelmap.io,pixelmap.io,pixelmap.io,pixelmap.io,pixelmap.io,pixelmap.io,pixelmap.io,pixelmap.io,pixelmap.io,pixelmap.io,pixelmap.io,pixelmap.io,pixelmap.io,pixelmap.io,pixelmap.io,pixelmap.io,pixelmap.io,pixelmap.io,pixelmap.io,pixelmap.io,pixelmap.io
pixelmap.io,pixelmap.io,pixelmap.io,pixelmap.io,pixelmap.io,pixelmap.io,pixelmap.io,pixelmap.io,pixelmap.io,pixelmap.io,pixelmap.io,pixelmap.io,pixelmap.io,pixelmap.io,pixelmap.io,pixelmap.io,pixelmap.io,pixelmap.io,pixelmap.io,pixelmap.io,pixelmap.io,pixelmap.io,pixelmap.io,pixelmap.io,pixelmap.io,pixelmap.io,pixelmap.io,pixelmap.io,pixelmap.io,pixelmap.io,pixelmap.io,pixelmap.io,pixelmap.io,pixelmap.io,pixelmap.io,pixelmap.io,pixelmap.io,pixelmap.io,pixelmap.io,pixelmap.io,pixelmap.io,pixelmap.io,pixelmap.io,pixelmap.io,pixelmap.io,pixelmap.io,pixelmap.io,pixelmap.io,pixelmap.io
pixelmap.io,pixelmap.io,pixelmap.io,pixelmap.io,pixelmap.io,pixelmap.io,pixelmap.io,pixelmap.io,pixelmap.io,pixelmap.io,pixelmap.io,pixelmap.io,pixelmap.io,pixelmap.io,pixelmap.io,pixelmap.io,pixelmap.io,pixelmap.io,pixelmap.io,pixelmap.io,pixelmap.io,pixelmap.io,pixelmap.io,pixelmap.io,pixelmap.io,pixelmap.io,pixelmap.io,pixelmap.io,pixelmap.io,pixelmap.io,pixelmap.io,pixelmap.io,pixelmap.io,pixelmap.io,pixelmap.io,pixelmap.io,pixelmap.io,pixelmap.io,pixelmap.io,pixelmap.io,pixelmap.io,pixelmap.io,pixelmap.io,pixelmap.io,pixelmap.io,pixelmap.io,pixelmap.io,pixelmap.io,pixelmap.io
pixelmap.io,pixelmap.io,pixelmap.io,pixelmap.io,pixelmap.io,pixelmap.io,pixelmap.io,pixelmap.io,pixelmap.io,pixelmap.io,pixelmap.io,pixelmap.io,pixelmap.io,pixelmap.io,pixelmap.io,pixelmap.io,pixelmap.io,pixelmap.io,pixelmap.io,pixelmap.io,pixelmap.io,pixelmap.io,pixelmap.io,pixelmap.io,pixelmap.io,pixelmap.io,pixelmap.io,pixelmap.io,pixelmap.io,pixelmap.io,pixelmap.io,pixelmap.io,pixelmap.io,pixelmap.io,pixelmap.io,pixelmap.io,pixelmap.io,pixelmap.io,pixelmap.io,pixelmap.io,pixelmap.io,pixelmap.io,pixelmap.io,pixelmap.io,pixelmap.io,pixelmap.io,pixelmap.io,pixelmap.io,pixelmap.io
pixelmap.io,pixelmap.io,pixelmap.io,pixelmap.io,pixelmap.io,pixelmap.io,pixelmap.io,pixelmap.io,pixelmap.io,pixelmap.io,pixelmap.io,pixelmap.io,pixelmap.io,pixelmap.io,pixelmap.io,pixelmap.io,pixelmap.io,pixelmap.io,pixelmap.io,pixelmap.io,pixelmap.io,pixelmap.io,pixelmap.io,pixelmap.io,pixelmap.io,pixelmap.io,pixelmap.io,pixelmap.io,pixelmap.io,pixelmap.io,pixelmap.io,pixelmap.io,pixelmap.io,pixelmap.io,pixelmap.io,pixelmap.io,pixelmap.io,pixelmap.io,pixelmap.io,pixelmap.io,pixelmap.io,pixelmap.io,pixelmap.io,pixelmap.io,pixelmap.io,pixelmap.io,pixelmap.io,pixelmap.io,pixelmap.io
pixelmap.io,pixelmap.io,pixelmap.io,pixelmap.io,pixelmap.io,pixelmap.io,pixelmap.io,pixelmap.io,pixelmap.io,pixelmap.io,pixelmap.io,pixelmap.io,pixelmap.io,pixelmap.io,pixelmap.io,pixelmap.io,pixelmap.io,pixelmap.io,pixelmap.io,pixelmap.io,pixelmap.io,pixelmap.io,pixelmap.io,pixelmap.io,pixelmap.io,pixelmap.io,pixelmap.io,pixelmap.io,pixelmap.io,pixelmap.io,pixelmap.io,pixelmap.io,pixelmap.io,pixelmap.io,pixelmap.io,pixelmap.io,pixelmap.io,pixelmap.io,pixelmap.io,pixelmap.io,pixelmap.io,pixelmap.io,pixelmap.io,pixelmap.io,pixelmap.io,pixelmap.io,pixelmap.io,pixelmap.io,pixelmap.io
pixelmap.io,pixelmap.io,pixelmap.io,pixelmap.io,pixelmap.io,pixelmap.io,pixelmap.io,pixelmap.io,pixelmap.io,pixelmap.io,pixelmap.io,pixelmap.io,pixelmap.io,pixelmap.io,pixelmap.io,pixelmap.io,pixelmap.io,pixelmap.io,pixelmap.io,pixelmap.io,pixelmap.io,pixelmap.io,pixelmap.io,pixelmap.io,pixelmap.io,pixelmap.io,pixelmap.io,pixelmap.io,pixelmap.io,pixelmap.io,pixelmap.io,pixelmap.io,pixelmap.io,pixelmap.io,pixelmap.io,pixelmap.io,pixelmap.io,pixelmap.io,pixelmap.io,pixelmap.io,pixelmap.io,pixelmap.io,pixelmap.io,pixelmap.io,pixelmap.io,pixelmap.io,pixelmap.io,pixelmap.io,pixelmap.io
pixelmap.io,pixelmap.io,pixelmap.io,pixelmap.io,pixelmap.io,pixelmap.io,pixelmap.io,pixelmap.io,pixelmap.io,pixelmap.io,pixelmap.io,pixelmap.io,pixelmap.io,pixelmap.io,pixelmap.io,pixelmap.io,pixelmap.io,pixelmap.io,pixelmap.io,pixelmap.io,pixelmap.io,pixelmap.io,pixelmap.io,pixelmap.io,pixelmap.io,pixelmap.io,pixelmap.io,pixelmap.io,pixelmap.io,pixelmap.io,pixelmap.io,pixelmap.io,pixelmap.io,pixelmap.io,pixelmap.io,pixelmap.io,pixelmap.io,pixelmap.io,pixelmap.io,pixelmap.io,pixelmap.io,pixelmap.io,pixelmap.io,pixelmap.io,pixelmap.io,pixelmap.io,pixelmap.io,pixelmap.io,pixelmap.io
pixelmap.io,pixelmap.io,pixelmap.io,pixelmap.io,pixelmap.io,pixelmap.io,pixelmap.io,pixelmap.io,pixelmap.io,pixelmap.io,pixelmap.io,pixelmap.io,pixelmap.io,pixelmap.io,pixelmap.io,pixelmap.io,pixelmap.io,pixelmap.io,pixelmap.io,pixelmap.io,pixelmap.io,pixelmap.io,pixelmap.io,pixelmap.io,pixelmap.io,pixelmap.io,pixelmap.io,pixelmap.io,pixelmap.io,pixelmap.io,pixelmap.io,pixelmap.io,pixelmap.io,pixelmap.io,pixelmap.io,pixelmap.io,pixelmap.io,pixelmap.io,pixelmap.io,pixelmap.io,pixelmap.io,pixelmap.io,pixelmap.io,pixelmap.io,pixelmap.io,pixelmap.io,pixelmap.io,pixelmap.io,pixelmap.io
pixelmap.io,pixelmap.io,pixelmap.io,pixelmap.io,pixelmap.io,pixelmap.io,pixelmap.io,pixelmap.io,pixelmap.io,pixelmap.io,pixelmap.io,pixelmap.io,pixelmap.io,pixelmap.io,pixelmap.io,pixelmap.io,pixelmap.io,pixelmap.io,pixelmap.io,pixelmap.io,pixelmap.io,pixelmap.io,pixelmap.io,pixelmap.io,pixelmap.io,pixelmap.io,pixelmap.io,pixelmap.io,pixelmap.io,pixelmap.io,pixelmap.io,pixelmap.io,pixelmap.io,pixelmap.io,pixelmap.io,pixelmap.io,pixelmap.io,pixelmap.io,pixelmap.io,pixelmap.io,pixelmap.io,pixelmap.io,pixelmap.io,pixelmap.io,pixelmap.io,pixelmap.io,pixelmap.io,pixelmap.io,pixelmap.io
pixelmap.io,pixelmap.io,pixelmap.io,pixelmap.io,pixelmap.io,pixelmap.io,pixelmap.io,pixelmap.io,pixelmap.io,pixelmap.io,pixelmap.io,pixelmap.io,pixelmap.io,pixelmap.io,pixelmap.io,pixelmap.io,pixelmap.io,pixelmap.io,pixelmap.io,pixelmap.io,pixelmap.io,pixelmap.io,pixelmap.io,pixelmap.io,pixelmap.io,pixelmap.io,pixelmap.io,pixelmap.io,pixelmap.io,pixelmap.io,pixelmap.io,pixelmap.io,pixelmap.io,pixelmap.io,pixelmap.io,pixelmap.io,pixelmap.io,pixelmap.io,pixelmap.io,pixelmap.io,pixelmap.io,pixelmap.io,pixelmap.io,pixelmap.io,pixelmap.io,pixelmap.io,pixelmap.io,pixelmap.io,pixelmap.io
pixelmap.io,pixelmap.io,pixelmap.io,pixelmap.io,pixelmap.io,pixelmap.io,pixelmap.io,pixelmap.io,pixelmap.io,pixelmap.io,pixelmap.io,pixelmap.io,pixelmap.io,pixelmap.io,pixelmap.io,pixelmap.io,pixelmap.io,pixelmap.io,pixelmap.io,pixelmap.io,pixelmap.io,pixelmap.io,pixelmap.io,pixelmap.io,pixelmap.io,pixelmap.io,pixelmap.io,pixelmap.io,pixelmap.io,pixelmap.io,pixelmap.io,pixelmap.io,pixelmap.io,pixelmap.io,pixelmap.io,pixelmap.io,pixelmap.io,pixelmap.io,pixelmap.io,pixelmap.io,pixelmap.io,pixelmap.io,pixelmap.io,pixelmap.io,pixelmap.io,pixelmap.io,pixelmap.io,pixelmap.io,pixelmap.io
pixelmap.io,pixelmap.io,pixelmap.io,pixelmap.io,pixelmap.io,pixelmap.io,pixelmap.io,pixelmap.io,pixelmap.io,pixelmap.io,pixelmap.io,pixelmap.io,pixelmap.io,pixelmap.io,pixelmap.io,pixelmap.io,pixelmap.io,pixelmap.io,pixelmap.io,pixelmap.io,pixelmap.io,pixelmap.io,pixelmap.io,pixelmap.io,pixelmap.io,pixelmap.io,pixelmap.io,pixelmap.io,pixelmap.io,pixelmap.io,pixelmap.io,pixelmap.io,pixelmap.io,pixelmap.io,pixelmap.io,pixelmap.io,pixelmap.io,pixelmap.io,pixelmap.io,pixelmap.io,pixelmap.io,pixelmap.io,pixelmap.io,pixelmap.io,pixelmap.io,pixelmap.io,pixelmap.io,pixelmap.io,pixelmap.io
pixelmap.io,pixelmap.io,pixelmap.io,pixelmap.io,pixelmap.io,pixelmap.io,pixelmap.io,pixelmap.io,pixelmap.io,pixelmap.io,pixelmap.io,pixelmap.io,pixelmap.io,pixelmap.io,pixelmap.io,pixelmap.io,pixelmap.io,pixelmap.io,pixelmap.io,pixelmap.io,pixelmap.io,pixelmap.io,pixelmap.io,pixelmap.io,pixelmap.io,pixelmap.io,pixelmap.io,pixelmap.io,pixelmap.io,pixelmap.io,pixelmap.io,pixelmap.io,pixelmap.io,pixelmap.io,pixelmap.io,pixelmap.io,pixelmap.io,pixelmap.io,pixelmap.io,pixelmap.io,pixelmap.io,pixelmap.io,pixelmap.io,pixelmap.io,pixelmap.io,pixelmap.io,pixelmap.io,pixelmap.io,pixelmap.io
pixelmap.io,pixelmap.io,pixelmap.io,pixelmap.io,pixelmap.io,pixelmap.io,pixelmap.io,pixelmap.io,pixelmap.io,pixelmap.io,pixelmap.io,pixelmap.io,pixelmap.io,pixelmap.io,pixelmap.io,pixelmap.io,pixelmap.io,pixelmap.io,pixelmap.io,pixelmap.io,pixelmap.io,pixelmap.io,pixelmap.io,pixelmap.io,pixelmap.io,pixelmap.io,pixelmap.io,pixelmap.io,pixelmap.io,pixelmap.io,pixelmap.io,pixelmap.io,pixelmap.io,pixelmap.io,pixelmap.io,pixelmap.io,pixelmap.io,pixelmap.io,pixelmap.io,pixelmap.io,pixelmap.io,pixelmap.io,pixelmap.io,pixelmap.io,pixelmap.io,pixelmap.io,pixelmap.io,pixelmap.io,pixelmap.io
pixelmap.io,pixelmap.io,pixelmap.io,pixelmap.io,pixelmap.io,pixelmap.io,pixelmap.io,pixelmap.io,pixelmap.io,pixelmap.io,pixelmap.io,pixelmap.io,pixelmap.io,pixelmap.io,pixelmap.io,pixelmap.io,pixelmap.io,pixelmap.io,pixelmap.io,pixelmap.io,pixelmap.io,pixelmap.io,pixelmap.io,pixelmap.io,pixelmap.io,pixelmap.io,pixelmap.io,pixelmap.io,pixelmap.io,pixelmap.io,pixelmap.io,pixelmap.io,pixelmap.io,pixelmap.io,pixelmap.io,pixelmap.io,pixelmap.io,pixelmap.io,pixelmap.io,pixelmap.io,pixelmap.io,pixelmap.io,pixelmap.io,pixelmap.io,pixelmap.io,pixelmap.io,pixelmap.io,pixelmap.io,pixelmap.io
pixelmap.io,pixelmap.io,pixelmap.io,pixelmap.io,pixelmap.io,pixelmap.io,pixelmap.io,pixelmap.io,pixelmap.io,pixelmap.io,pixelmap.io,pixelmap.io,pixelmap.io,pixelmap.io,pixelmap.io,pixelmap.io,pixelmap.io,pixelmap.io,pixelmap.io,pixelmap.io,pixelmap.io,pixelmap.io,pixelmap.io,pixelmap.io,pixelmap.io,pixelmap.io,pixelmap.io,pixelmap.io,pixelmap.io,pixelmap.io,pixelmap.io,pixelmap.io,pixelmap.io,pixelmap.io,pixelmap.io,pixelmap.io,pixelmap.io,pixelmap.io,pixelmap.io,pixelmap.io,pixelmap.io,pixelmap.io,pixelmap.io,pixelmap.io,pixelmap.io,pixelmap.io,pixelmap.io,pixelmap.io,pixelmap.io
pixelmap.io,pixelmap.io,pixelmap.io,pixelmap.io,pixelmap.io,pixelmap.io,pixelmap.io,pixelmap.io,pixelmap.io,pixelmap.io,pixelmap.io,pixelmap.io,pixelmap.io,pixelmap.io,pixelmap.io,pixelmap.io,pixelmap.io,pixelmap.io,pixelmap.io,pixelmap.io,pixelmap.io,pixelmap.io,pixelmap.io,pixelmap.io,pixelmap.io,pixelmap.io,pixelmap.io,pixelmap.io,pixelmap.io,pixelmap.io,pixelmap.io,pixelmap.io,pixelmap.io,pixelmap.io,pixelmap.io,pixelmap.io,pixelmap.io,pixelmap.io,pixelmap.io,pixelmap.io,pixelmap.io,pixelmap.io,pixelmap.io,pixelmap.io,pixelmap.io,pixelmap.io,pixelmap.io,pixelmap.io,pixelmap.io
pixelmap.io,pixelmap.io,pixelmap.io,pixelmap.io,pixelmap.io,pixelmap.io,pixelmap.io,pixelmap.io,pixelmap.io,pixelmap.io,pixelmap.io,pixelmap.io,pixelmap.io,pixelmap.io,pixelmap.io,pixelmap.io,pixelmap.io,pixelmap.io,pixelmap.io,pixelmap.io,pixelmap.io,pixelmap.io,pixelmap.io,pixelmap.io,pixelmap.io,pixelmap.io,pixelmap.io,pixelmap.io,pixelmap.io,pixelmap.io,pixelmap.io,pixelmap.io,pixelmap.io,pixelmap.io,pixelmap.io,pixelmap.io,pixelmap.io,pixelmap.io,pixelmap.io,pixelmap.io,pixelmap.io,pixelmap.io,pixelmap.io,pixelmap.io,pixelmap.io,pixelmap.io,pixelmap.io,pixelmap.io,pixelmap.io
pixelmap.io,pixelmap.io,pixelmap.io,pixelmap.io,pixelmap.io,pixelmap.io,pixelmap.io,pixelmap.io,pixelmap.io,pixelmap.io,pixelmap.io,pixelmap.io,pixelmap.io,pixelmap.io,pixelmap.io,pixelmap.io,pixelmap.io,pixelmap.io,pixelmap.io,pixelmap.io,pixelmap.io,pixelmap.io,pixelmap.io,pixelmap.io,pixelmap.io,pixelmap.io,pixelmap.io,pixelmap.io,pixelmap.io,pixelmap.io,pixelmap.io,pixelmap.io,pixelmap.io,pixelmap.io,pixelmap.io,pixelmap.io,pixelmap.io,pixelmap.io,pixelmap.io,pixelmap.io,pixelmap.io,pixelmap.io,pixelmap.io,pixelmap.io,pixelmap.io,pixelmap.io,pixelmap.io,pixelmap.io,pixelmap.io
pixelmap.io,pixelmap.io,pixelmap.io,pixelmap.io,pixelmap.io,pixelmap.io,pixelmap.io,pixelmap.io,pixelmap.io,pixelmap.io,pixelmap.io,pixelmap.io,pixelmap.io,pixelmap.io,pixelmap.io,pixelmap.io,pixelmap.io,pixelmap.io,pixelmap.io,pixelmap.io,pixelmap.io,pixelmap.io,pixelmap.io,pixelmap.io,pixelmap.io,pixelmap.io,pixelmap.io,pixelmap.io,pixelmap.io,pixelmap.io,pixelmap.io,pixelmap.io,pixelmap.io,pixelmap.io,pixelmap.io,pixelmap.io,pixelmap.io,pixelmap.io,pixelmap.io,pixelmap.io,pixelmap.io,pixelmap.io,pixelmap.io,pixelmap.io,pixelmap.io,pixelmap.io,pixelmap.io,pixelmap.io,pixelmap.io
pixelmap.io,pixelmap.io,pixelmap.io,pixelmap.io,pixelmap.io,pixelmap.io,pixelmap.io,pixelmap.io,pixelmap.io,pixelmap.io,pixelmap.io,pixelmap.io,pixelmap.io,pixelmap.io,pixelmap.io,pixelmap.io,pixelmap.io,pixelmap.io,pixelmap.io,pixelmap.io,pixelmap.io,pixelmap.io,pixelmap.io,pixelmap.io,pixelmap.io,pixelmap.io,pixelmap.io,pixelmap.io,pixelmap.io,pixelmap.io,pixelmap.io,pixelmap.io,pixelmap.io,pixelmap.io,pixelmap.io,pixelmap.io,pixelmap.io,pixelmap.io,pixelmap.io,pixelmap.io,pixelmap.io,pixelmap.io,pixelmap.io,pixelmap.io,pixelmap.io,pixelmap.io,pixelmap.io,pixelmap.io,pixelmap.io
pixelmap.io,pixelmap.io,pixelmap.io,pixelmap.io,pixelmap.io,pixelmap.io,pixelmap.io,pixelmap.io,pixelmap.io,pixelmap.io,pixelmap.io,pixelmap.io,pixelmap.io,pixelmap.io,pixelmap.io,pixelmap.io,pixelmap.io,pixelmap.io,pixelmap.io,pixelmap.io,pixelmap.io,pixelmap.io,pixelmap.io,pixelmap.io,pixelmap.io,pixelmap.io,pixelmap.io,pixelmap.io,pixelmap.io,pixelmap.io,pixelmap.io,pixelmap.io,pixelmap.io,pixelmap.io,pixelmap.io,pixelmap.io,pixelmap.io,pixelmap.io,pixelmap.io,pixelmap.io,pixelmap.io,pixelmap.io,pixelmap.io,pixelmap.io,pixelmap.io,pixelmap.io,pixelmap.io,pixelmap.io,pixelmap.io
pixelmap.io,pixelmap.io,pixelmap.io,pixelmap.io,pixelmap.io,pixelmap.io,pixelmap.io,pixelmap.io,pixelmap.io,pixelmap.io,pixelmap.io,pixelmap.io,pixelmap.io,pixelmap.io,pixelmap.io,pixelmap.io,pixelmap.io,pixelmap.io,pixelmap.io,pixelmap.io,pixelmap.io,pixelmap.io,pixelmap.io,pixelmap.io,pixelmap.io,pixelmap.io,pixelmap.io,pixelmap.io,pixelmap.io,pixelmap.io,pixelmap.io,pixelmap.io,pixelmap.io,pixelmap.io,pixelmap.io,pixelmap.io,pixelmap.io,pixelmap.io,pixelmap.io,pixelmap.io,pixelmap.io,pixelmap.io,pixelmap.io,pixelmap.io,pixelmap.io,pixelmap.io,pixelmap.io,pixelmap.io,pixelmap.io
pixelmap.io,pixelmap.io,pixelmap.io,pixelmap.io,pixelmap.io,pixelmap.io,pixelmap.io,pixelmap.io,pixelmap.io,pixelmap.io,pixelmap.io,pixelmap.io,pixelmap.io,pixelmap.io,pixelmap.io,pixelmap.io,pixelmap.io,pixelmap.io,pixelmap.io,pixelmap.io,pixelmap.io,pixelmap.io,pixelmap.io,pixelmap.io,pixelmap.io,pixelmap.io,pixelmap.io,pixelmap.io,pixelmap.io,pixelmap.io,pixelmap.io,pixelmap.io,pixelmap.io,pixelmap.io,pixelmap.io,pixelmap.io,pixelmap.io,pixelmap.io,pixelmap.io,pixelmap.io,pixelmap.io,pixelmap.io,pixelmap.io,pixelmap.io,pixelmap.io,pixelmap.io,pixelmap.io,pixelmap.io,pixelmap.io
pixelmap.io,pixelmap.io,pixelmap.io,pixelmap.io,pixelmap.io,pixelmap.io,pixelmap.io,pixelmap.io,pixelmap.io,pixelmap.io,pixelmap.io,pixelmap.io,pixelmap.io,pixelmap.io,pixelmap.io,pixelmap.io,pixelmap.io,pixelmap.io,pixelmap.io,pixelmap.io,pixelmap.io,pixelmap.io,pixelmap.io,pixelmap.io,pixelmap.io,pixelmap.io,pixelmap.io,pixelmap.io,pixelmap.io,pixelmap.io,pixelmap.io,pixelmap.io,pixelmap.io,pixelmap.io,pixelmap.io,pixelmap.io,pixelmap.io,pixelmap.io,pixelmap.io,pixelmap.io,pixelmap.io,pixelmap.io,pixelmap.io,pixelmap.io,pixelmap.io,pixelmap.io,pixelmap.io,pixelmap.io,pixelmap.io
pixelmap.io,pixelmap.io,pixelmap.io,pixelmap.io,pixelmap.io,pixelmap.io,pixelmap.io,pixelmap.io,pixelmap.io,pixelmap.io,pixelmap.io,pixelmap.io,pixelmap.io,pixelmap.io,pixelmap.io,pixelmap.io,pixelmap.io,pixelmap.io,pixelmap.io,pixelmap.io,pixelmap.io,pixelmap.io,pixelmap.io,pixelmap.io,pixelmap.io,pixelmap.io,pixelmap.io,pixelmap.io,pixelmap.io,pixelmap.io,pixelmap.io,pixelmap.io,pixelmap.io,pixelmap.io,pixelmap.io,pixelmap.io,pixelmap.io,pixelmap.io,pixelmap.io,pixelmap.io,pixelmap.io,pixelmap.io,pixelmap.io,pixelmap.io,pixelmap.io,pixelmap.io,pixelmap.io,pixelmap.io,pixelmap.io
pixelmap.io,pixelmap.io,pixelmap.io,pixelmap.io,pixelmap.io,pixelmap.io,pixelmap.io,pixelmap.io,pixelmap.io,pixelmap.io,pixelmap.io,pixelmap.io,pixelmap.io,pixelmap.io,pixelmap.io,pixelmap.io,pixelmap.io,pixelmap.io,pixelmap.io,pixelmap.io,pixelmap.io,pixelmap.io,pixelmap.io,pixelmap.io,pixelmap.io,pixelmap.io,pixelmap.io,pixelmap.io,pixelmap.io,pixelmap.io,pixelmap.io,pixelmap.io,pixelmap.io,pixelmap.io,pixelmap.io,pixelmap.io,pixelmap.io,pixelmap.io,pixelmap.io,pixelmap.io,pixelmap.io,pixelmap.io,pixelmap.io,pixelmap.io,pixelmap.io,pixelmap.io,pixelmap.io,pixelmap.io,pixelmap.io
pixelmap.io,pixelmap.io,pixelmap.io,pixelmap.io,pixelmap.io,pixelmap.io,pixelmap.io,pixelmap.io,pixelmap.io,pixelmap.io,pixelmap.io,pixelmap.io,pixelmap.io,pixelmap.io,pixelmap.io,pixelmap.io,pixelmap.io,pixelmap.io,pixelmap.io,pixelmap.io,pixelmap.io,pixelmap.io,pixelmap.io,pixelmap.io,pixelmap.io,pixelmap.io,pixelmap.io,pixelmap.io,pixelmap.io,pixelmap.io,pixelmap.io,pixelmap.io,pixelmap.io,pixelmap.io,pixelmap.io,pixelmap.io,pixelmap.io,pixelmap.io,pixelmap.io,pixelmap.io,pixelmap.io,pixelmap.io,pixelmap.io,pixelmap.io,pixelmap.io,pixelmap.io,pixelmap.io,pixelmap.io,pixelmap.io
pixelmap.io,pixelmap.io,pixelmap.io,pixelmap.io,pixelmap.io,pixelmap.io,pixelmap.io,pixelmap.io,pixelmap.io,pixelmap.io,pixelmap.io,pixelmap.io,pixelmap.io,pixelmap.io,pixelmap.io,pixelmap.io,pixelmap.io,pixelmap.io,pixelmap.io,pixelmap.io,pixelmap.io,pixelmap.io,pixelmap.io,pixelmap.io,pixelmap.io,pixelmap.io,pixelmap.io,pixelmap.io,pixelmap.io,pixelmap.io,pixelmap.io,pixelmap.io,pixelmap.io,pixelmap.io,pixelmap.io,pixelmap.io,pixelmap.io,pixelmap.io,pixelmap.io,pixelmap.io,pixelmap.io,pixelmap.io,pixelmap.io,pixelmap.io,pixelmap.io,pixelmap.io,pixelmap.io,pixelmap.io,pixelmap.io
pixelmap.io,pixelmap.io,pixelmap.io,pixelmap.io,pixelmap.io,pixelmap.io,pixelmap.io,pixelmap.io,pixelmap.io,pixelmap.io,pixelmap.io,pixelmap.io,pixelmap.io,pixelmap.io,pixelmap.io,pixelmap.io,pixelmap.io,pixelmap.io,pixelmap.io,pixelmap.io,pixelmap.io,pixelmap.io,pixelmap.io,pixelmap.io,pixelmap.io,pixelmap.io,pixelmap.io,pixelmap.io,pixelmap.io,pixelmap.io,pixelmap.io,pixelmap.io,pixelmap.io,pixelmap.io,pixelmap.io,pixelmap.io,pixelmap.io,pixelmap.io,pixelmap.io,pixelmap.io,pixelmap.io,pixelmap.io,pixelmap.io,pixelmap.io,pixelmap.io,pixelmap.io,pixelmap.io,pixelmap.io,pixelmap.io
pixelmap.io,pixelmap.io,pixelmap.io,pixelmap.io,pixelmap.io,pixelmap.io,pixelmap.io,pixelmap.io,pixelmap.io,pixelmap.io,pixelmap.io,pixelmap.io,pixelmap.io,pixelmap.io,pixelmap.io,pixelmap.io,pixelmap.io,pixelmap.io,pixelmap.io,pixelmap.io,pixelmap.io,pixelmap.io,pixelmap.io,pixelmap.io,pixelmap.io,pixelmap.io,pixelmap.io,pixelmap.io,pixelmap.io,pixelmap.io,pixelmap.io,pixelmap.io,pixelmap.io,pixelmap.io,pixelmap.io,pixelmap.io,pixelmap.io,pixelmap.io,pixelmap.io,pixelmap.io,pixelmap.io,pixelmap.io,pixelmap.io,pixelmap.io,pixelmap.io,pixelmap.io,pixelmap.io,pixelmap.io,pixelmap.io
pixelmap.io,pixelmap.io,pixelmap.io,pixelmap.io,pixelmap.io,pixelmap.io,pixelmap.io,pixelmap.io,pixelmap.io,pixelmap.io,pixelmap.io,pixelmap.io,pixelmap.io,pixelmap.io,pixelmap.io,pixelmap.io,pixelmap.io,pixelmap.io,pixelmap.io,pixelmap.io,pixelmap.io,pixelmap.io,pixelmap.io,pixelmap.io,pixelmap.io,pixelmap.io,pixelmap.io,pixelmap.io,pixelmap.io,pixelmap.io,pixelmap.io,pixelmap.io,pixelmap.io,pixelmap.io,pixelmap.io,pixelmap.io,pixelmap.io,pixelmap.io,pixelmap.io,pixelmap.io,pixelmap.io,pixelmap.io,pixelmap.io,pixelmap.io,pixelmap.io,pixelmap.io,pixelmap.io,pixelmap.io,pixelmap.io
pixelmap.io,pixelmap.io,pixelmap.io,pixelmap.io,pixelmap.io,pixelmap.io,pixelmap.io,pixelmap.io,pixelmap.io,pixelmap.io,pixelmap.io,pixelmap.io,pixelmap.io,pixelmap.io,pixelmap.io,pixelmap.io,pixelmap.io,pixelmap.io,pixelmap.io,pixelmap.io,pixelmap.io,pixelmap.io,pixelmap.io,pixelmap.io,pixelmap.io,pixelmap.io,pixelmap.io,pixelmap.io,pixelmap.io,pixelmap.io,pixelmap.io,pixelmap.io,pixelmap.io,pixelmap.io,pixelmap.io,pixelmap.io,pixelmap.io,pixelmap.io,pixelmap.io,pixelmap.io,pixelmap.io,pixelmap.io,pixelmap.io,pixelmap.io,pixelmap.io,pixelmap.io,pixelmap.io,pixelmap.io,pixelmap.io
pixelmap.io,pixelmap.io,pixelmap.io,pixelmap.io,pixelmap.io,pixelmap.io,pixelmap.io,pixelmap.io,pixelmap.io,pixelmap.io,pixelmap.io,pixelmap.io,pixelmap.io,pixelmap.io,pixelmap.io,pixelmap.io,pixelmap.io,pixelmap.io,pixelmap.io,pixelmap.io,pixelmap.io,pixelmap.io,pixelmap.io,pixelmap.io,pixelmap.io,pixelmap.io,pixelmap.io,pixelmap.io,pixelmap.io,pixelmap.io,pixelmap.io,pixelmap.io,pixelmap.io,pixelmap.io,pixelmap.io,pixelmap.io,pixelmap.io,pixelmap.io,pixelmap.io,pixelmap.io,pixelmap.io,pixelmap.io,pixelmap.io,pixelmap.io,pixelmap.io,pixelmap.io,pixelmap.io,pixelmap.io,pixelmap.io
pixelmap.io,pixelmap.io,pixelmap.io,pixelmap.io,pixelmap.io,pixelmap.io,pixelmap.io,pixelmap.io,pixelmap.io,pixelmap.io,pixelmap.io,pixelmap.io,pixelmap.io,pixelmap.io,pixelmap.io,pixelmap.io,pixelmap.io,pixelmap.io,pixelmap.io,pixelmap.io,pixelmap.io,pixelmap.io,pixelmap.io,pixelmap.io,pixelmap.io,pixelmap.io,pixelmap.io,pixelmap.io,pixelmap.io,pixelmap.io,pixelmap.io,pixelmap.io,pixelmap.io,pixelmap.io,pixelmap.io,pixelmap.io,pixelmap.io,pixelmap.io,pixelmap.io,pixelmap.io,pixelmap.io,pixelmap.io,pixelmap.io,pixelmap.io,pixelmap.io,pixelmap.io,pixelmap.io,pixelmap.io,pixelmap.io
pixelmap.io,pixelmap.io,pixelmap.io,pixelmap.io,pixelmap.io,pixelmap.io,pixelmap.io,pixelmap.io,pixelmap.io,pixelmap.io,pixelmap.io,pixelmap.io,pixelmap.io,pixelmap.io,pixelmap.io,pixelmap.io,pixelmap.io,pixelmap.io,pixelmap.io,pixelmap.io,pixelmap.io,pixelmap.io,pixelmap.io,pixelmap.io,pixelmap.io,pixelmap.io,pixelmap.io,pixelmap.io,pixelmap.io,pixelmap.io,pixelmap.io,pixelmap.io,pixelmap.io,pixelmap.io,pixelmap.io,pixelmap.io,pixelmap.io,pixelmap.io,pixelmap.io,pixelmap.io,pixelmap.io,pixelmap.io,pixelmap.io,pixelmap.io,pixelmap.io,pixelmap.io,pixelmap.io,pixelmap.io,pixelmap.io
pixelmap.io,pixelmap.io,pixelmap.io,pixelmap.io,pixelmap.io,pixelmap.io,pixelmap.io,pixelmap.io,pixelmap.io,pixelmap.io,pixelmap.io,pixelmap.io,pixelmap.io,pixelmap.io,pixelmap.io,pixelmap.io,pixelmap.io,pixelmap.io,pixelmap.io,pixelmap.io,pixelmap.io,pixelmap.io,pixelmap.io,pixelmap.io,pixelmap.io,pixelmap.io,pixelmap.io,pixelmap.io,pixelmap.io,pixelmap.io,pixelmap.io,pixelmap.io,pixelmap.io,pixelmap.io,pixelmap.io,pixelmap.io,pixelmap.io,pixelmap.io,pixelmap.io,pixelmap.io,pixelmap.io,pixelmap.io,pixelmap.io,pixelmap.io,pixelmap.io,pixelmap.io,pixelmap.io,pixelmap.io,pixelmap.io
pixelmap.io,pixelmap.io,pixelmap.io,pixelmap.io,pixelmap.io,pixelmap.io,pixelmap.io,pixelmap.io,pixelmap.io,pixelmap.io,pixelmap.io,pixelmap.io,pixelmap.io,pixelmap.io,pixelmap.io,pixelmap.io,pixelmap.io,pixelmap.io,pixelmap.io,pixelmap.io,pixelmap.io,pixelmap.io,pixelmap.io,pixelmap.io,pixelmap.io,pixelmap.io,pixelmap.io,pixelmap.io,pixelmap.io,pixelmap.io,pixelmap.io,pixelmap.io,pixelmap.io,pixelmap.io,pixelmap.io,pixelmap.io,pixelmap.io,pixelmap.io,pixelmap.io,pixelmap.io,pixelmap.io,pixelmap.io,pixelmap.io,pixelmap.io,pixelmap.io,pixelmap.io,pixelmap.io,pixelmap.io,pixelmap.io
pixelmap.io,pixelmap.io,pixelmap.io,pixelmap.io,pixelmap.io,pixelmap.io,pixelmap.io,pixelmap.io,pixelmap.io,pixelmap.io,pixelmap.io,pixelmap.io,pixelmap.io,pixelmap.io,pixelmap.io,pixelmap.io,pixelmap.io,pixelmap.io,pixelmap.io,pixelmap.io,pixelmap.io,pixelmap.io,pixelmap.io,pixelmap.io,pixelmap.io,pixelmap.io,pixelmap.io,pixelmap.io,pixelmap.io,pixelmap.io,pixelmap.io,pixelmap.io,pixelmap.io,pixelmap.io,pixelmap.io,pixelmap.io,pixelmap.io,pixelmap.io,pixelmap.io,pixelmap.io,pixelmap.io,pixelmap.io,pixelmap.io,pixelmap.io,pixelmap.io,pixelmap.io,pixelmap.io,pixelmap.io,pixelmap.io
pixelmap.io,pixelmap.io,pixelmap.io,pixelmap.io,pixelmap.io,pixelmap.io,pixelmap.io,pixelmap.io,pixelmap.io,pixelmap.io,pixelmap.io,pixelmap.io,pixelmap.io,pixelmap.io,pixelmap.io,pixelmap.io,pixelmap.io,pixelmap.io,pixelmap.io,pixelmap.io,pixelmap.io,pixelmap.io,pixelmap.io,pixelmap.io,pixelmap.io,pixelmap.io,pixelmap.io,pixelmap.io,pixelmap.io,pixelmap.io,pixelmap.io,pixelmap.io,pixelmap.io,pixelmap.io,pixelmap.io,pixelmap.io,pixelmap.io,pixelmap.io,pixelmap.io,pixelmap.io,pixelmap.io,pixelmap.io,pixelmap.io,pixelmap.io,pixelmap.io,pixelmap.io,pixelmap.io,pixelmap.io,pixelmap.io
pixelmap.io,pixelmap.io,pixelmap.io,pixelmap.io,pixelmap.io,pixelmap.io,pixelmap.io,pixelmap.io,pixelmap.io,pixelmap.io,pixelmap.io,pixelmap.io,pixelmap.io,pixelmap.io,pixelmap.io,pixelmap.io,pixelmap.io,pixelmap.io,pixelmap.io,pixelmap.io,pixelmap.io,pixelmap.io,pixelmap.io,pixelmap.io,pixelmap.io,pixelmap.io,pixelmap.io,pixelmap.io,pixelmap.io,pixelmap.io,pixelmap.io,pixelmap.io,pixelmap.io,pixelmap.io,pixelmap.io,pixelmap.io,pixelmap.io,pixelmap.io,pixelmap.io,pixelmap.io,pixelmap.io,pixelmap.io,pixelmap.io,pixelmap.io,pixelmap.io,pixelmap.io,pixelmap.io,pixelmap.io,pixelmap.io
pixelmap.io,pixelmap.io,pixelmap.io,pixelmap.io,pixelmap.io,pixelmap.io,pixelmap.io,pixelmap.io,pixelmap.io,pixelmap.io,pixelmap.io,pixelmap.io,pixelmap.io,pixelmap.io,pixelmap.io,pixelmap.io,pixelmap.io,pixelmap.io,pixelmap.io,pixelmap.io,pixelmap.io,pixelmap.io,pixelmap.io,pixelmap.io,pixelmap.io,pixelmap.io,pixelmap.io,pixelmap.io,pixelmap.io,pixelmap.io,pixelmap.io,pixelmap.io,pixelmap.io,pixelmap.io,pixelmap.io,pixelmap.io,pixelmap.io,pixelmap.io,pixelmap.io,pixelmap.io,pixelmap.io,pixelmap.io,pixelmap.io,pixelmap.io,pixelmap.io,pixelmap.io,pixelmap.io,pixelmap.io,pixelmap.io
pixelmap.io,pixelmap.io,pixelmap.io,pixelmap.io,pixelmap.io,pixelmap.io,pixelmap.io,pixelmap.io,pixelmap.io,pixelmap.io,pixelmap.io,pixelmap.io,pixelmap.io,pixelmap.io,pixelmap.io,pixelmap.io,pixelmap.io,pixelmap.io,pixelmap.io,pixelmap.io,pixelmap.io,pixelmap.io,pixelmap.io,pixelmap.io,pixelmap.io,pixelmap.io,pixelmap.io,pixelmap.io,pixelmap.io,pixelmap.io,pixelmap.io,pixelmap.io,pixelmap.io,pixelmap.io,pixelmap.io,pixelmap.io,pixelmap.io,pixelmap.io,pixelmap.io,pixelmap.io,pixelmap.io,pixelmap.io,pixelmap.io,pixelmap.io,pixelmap.io,pixelmap.io,pixelmap.io,pixelmap.io,pixelmap.io
pixelmap.io,pixelmap.io,pixelmap.io,pixelmap.io,pixelmap.io,pixelmap.io,pixelmap.io,pixelmap.io,pixelmap.io,pixelmap.io,pixelmap.io,pixelmap.io,pixelmap.io,pixelmap.io,pixelmap.io,pixelmap.io,pixelmap.io,pixelmap.io,pixelmap.io,pixelmap.io,pixelmap.io,pixelmap.io,pixelmap.io,pixelmap.io,pixelmap.io,pixelmap.io,pixelmap.io,pixelmap.io,pixelmap.io,pixelmap.io,pixelmap.io,pixelmap.io,pixelmap.io,pixelmap.io,pixelmap.io,pixelmap.io,pixelmap.io,pixelmap.io,pixelmap.io,pixelmap.io,pixelmap.io,pixelmap.io,pixelmap.io,pixelmap.io,pixelmap.io,pixelmap.io,pixelmap.io,pixelmap.io,pixelmap.io
pixelmap.io,pixelmap.io,pixelmap.io,pixelmap.io,pixelmap.io,pixelmap.io,pixelmap.io,pixelmap.io,pixelmap.io,pixelmap.io,pixelmap.io,pixelmap.io,pixelmap.io,pixelmap.io,pixelmap.io,pixelmap.io,pixelmap.io,pixelmap.io,pixelmap.io,pixelmap.io,pixelmap.io,pixelmap.io,pixelmap.io,pixelmap.io,pixelmap.io,pixelmap.io,pixelmap.io,pixelmap.io,pixelmap.io,pixelmap.io,pixelmap.io,pixelmap.io,pixelmap.io,pixelmap.io,pixelmap.io,pixelmap.io,pixelmap.io,pixelmap.io,pixelmap.io,pixelmap.io,pixelmap.io,pixelmap.io,pixelmap.io,pixelmap.io,pixelmap.io,pixelmap.io,pixelmap.io,pixelmap.io,pixelmap.io
pixelmap.io,pixelmap.io,pixelmap.io,pixelmap.io,pixelmap.io,pixelmap.io,pixelmap.io,pixelmap.io,pixelmap.io,pixelmap.io,pixelmap.io,pixelmap.io,pixelmap.io,pixelmap.io,pixelmap.io,pixelmap.io,pixelmap.io,pixelmap.io,pixelmap.io,pixelmap.io,pixelmap.io,pixelmap.io,pixelmap.io,pixelmap.io,pixelmap.io,pixelmap.io,pixelmap.io,pixelmap.io,pixelmap.io,pixelmap.io,pixelmap.io,pixelmap.io,pixelmap.io,pixelmap.io,pixelmap.io,pixelmap.io,pixelmap.io,pixelmap.io,pixelmap.io,pixelmap.io,pixelmap.io,pixelmap.io,pixelmap.io,pixelmap.io,pixelmap.io,pixelmap.io,pixelmap.io,pixelmap.io,pixelmap.io
pixelmap.io,pixelmap.io,pixelmap.io,pixelmap.io,pixelmap.io,pixelmap.io,pixelmap.io,pixelmap.io,pixelmap.io,pixelmap.io,pixelmap.io,pixelmap.io,pixelmap.io,pixelmap.io,pixelmap.io,pixelmap.io,pixelmap.io,pixelmap.io,pixelmap.io,pixelmap.io,pixelmap.io,pixelmap.io,pixelmap.io,pixelmap.io,pixelmap.io,pixelmap.io,pixelmap.io,pixelmap.io,pixelmap.io,pixelmap.io,pixelmap.io,pixelmap.io,pixelmap.io,pixelmap.io,pixelmap.io,pixelmap.io,pixelmap.io,pixelmap.io,pixelmap.io,pixelmap.io,pixelmap.io,pixelmap.io,pixelmap.io,pixelmap.io,pixelmap.io,pixelmap.io,pixelmap.io,pixelmap.io,pixelmap.io
pixelmap.io,pixelmap.io,pixelmap.io,pixelmap.io,pixelmap.io,pixelmap.io,pixelmap.io,pixelmap.io,pixelmap.io,pixelmap.io,pixelmap.io,pixelmap.io,pixelmap.io,pixelmap.io,pixelmap.io,pixelmap.io,pixelmap.io,pixelmap.io,pixelmap.io,pixelmap.io,pixelmap.io,pixelmap.io,pixelmap.io,pixelmap.io,pixelmap.io,pixelmap.io,pixelmap.io,pixelmap.io,pixelmap.io,pixelmap.io,pixelmap.io,pixelmap.io,pixelmap.io,pixelmap.io,pixelmap.io,pixelmap.io,pixelmap.io,pixelmap.io,pixelmap.io,pixelmap.io,pixelmap.io,pixelmap.io,pixelmap.io,pixelmap.io,pixelmap.io,pixelmap.io,pixelmap.io,pixelmap.io,pixelmap.io
pixelmap.io,pixelmap.io,pixelmap.io,pixelmap.io,pixelmap.io,pixelmap.io,pixelmap.io,pixelmap.io,pixelmap.io,pixelmap.io,pixelmap.io,pixelmap.io,pixelmap.io,pixelmap.io,pixelmap.io,pixelmap.io,pixelmap.io,pixelmap.io,pixelmap.io,pixelmap.io,pixelmap.io,pixelmap.io,pixelmap.io,pixelmap.io,pixelmap.io,pixelmap.io,pixelmap.io,pixelmap.io,pixelmap.io,pixelmap.io,pixelmap.io,pixelmap.io,pixelmap.io,pixelmap.io,pixelmap.io,pixelmap.io,pixelmap.io,pixelmap.io,pixelmap.io,pixelmap.io,pixelmap.io,pixelmap.io,pixelmap.io,pixelmap.io,pixelmap.io,pixelmap.io,pixelmap.io,pixelmap.io,pixelmap.io
pixelmap.io,pixelmap.io,pixelmap.io,pixelmap.io,pixelmap.io,pixelmap.io,pixelmap.io,pixelmap.io,pixelmap.io,pixelmap.io,pixelmap.io,pixelmap.io,pixelmap.io,pixelmap.io,pixelmap.io,pixelmap.io,pixelmap.io,pixelmap.io,pixelmap.io,pixelmap.io,pixelmap.io,pixelmap.io,pixelmap.io,pixelmap.io,pixelmap.io,pixelmap.io,pixelmap.io,pixelmap.io,pixelmap.io,pixelmap.io,pixelmap.io,pixelmap.io,pixelmap.io,pixelmap.io,pixelmap.io,pixelmap.io,pixelmap.io,pixelmap.io,pixelmap.io,pixelmap.io,pixelmap.io,pixelmap.io,pixelmap.io,pixelmap.io,pixelmap.io,pixelmap.io,pixelmap.io,pixelmap.io,pixelmap.io
pixelmap.io,pixelmap.io,pixelmap.io,pixelmap.io,pixelmap.io,pixelmap.io,pixelmap.io,pixelmap.io,pixelmap.io,pixelmap.io,pixelmap.io,pixelmap.io,pixelmap.io,pixelmap.io,pixelmap.io,pixelmap.io,pixelmap.io,pixelmap.io,pixelmap.io,pixelmap.io,pixelmap.io,pixelmap.io,pixelmap.io,pixelmap.io,pixelmap.io,pixelmap.io,pixelmap.io,pixelmap.io,pixelmap.io,pixelmap.io,pixelmap.io,pixelmap.io,pixelmap.io,pixelmap.io,pixelmap.io,pixelmap.io,pixelmap.io,pixelmap.io,pixelmap.io,pixelmap.io,pixelmap.io,pixelmap.io,pixelmap.io,pixelmap.io,pixelmap.io,pixelmap.io,pixelmap.io,pixelmap.io,pixelmap.io
pixelmap.io,pixelmap.io,pixelmap.io,pixelmap.io,pixelmap.io,pixelmap.io,pixelmap.io,pixelmap.io,pixelmap.io,pixelmap.io,pixelmap.io,pixelmap.io,pixelmap.io,pixelmap.io,pixelmap.io,pixelmap.io,pixelmap.io,pixelmap.io,pixelmap.io,pixelmap.io,pixelmap.io,pixelmap.io,pixelmap.io,pixelmap.io,pixelmap.io,pixelmap.io,pixelmap.io,pixelmap.io,pixelmap.io,pixelmap.io,pixelmap.io,pixelmap.io,pixelmap.io,pixelmap.io,pixelmap.io,pixelmap.io,pixelmap.io,pixelmap.io,pixelmap.io,pixelmap.io,pixelmap.io,pixelmap.io,pixelmap.io,pixelmap.io,pixelmap.io,pixelmap.io,pixelmap.io,pixelmap.io,pixelmap.io
pixelmap.io,pixelmap.io,pixelmap.io,pixelmap.io,pixelmap.io,pixelmap.io,pixelmap.io,pixelmap.io,pixelmap.io,pixelmap.io,pixelmap.io,pixelmap.io,pixelmap.io,pixelmap.io,pixelmap.io,pixelmap.io,pixelmap.io,pixelmap.io,pixelmap.io,pixelmap.io,pixelmap.io,pixelmap.io,pixelmap.io,pixelmap.io,pixelmap.io,pixelmap.io,pixelmap.io,pixelmap.io,pixelmap.io,pixelmap.io,pixelmap.io,pixelmap.io,pixelmap.io,pixelmap.io,pixelmap.io,pixelmap.io,pixelmap.io,pixelmap.io,pixelmap.io,pixelmap.io,pixelmap.io,pixelmap.io,pixelmap.io,pixelmap.io,pixelmap.io,pixelmap.io,pixelmap.io,pixelmap.io,pixelmap.io
pixelmap.io,pixelmap.io,pixelmap.io,pixelmap.io,pixelmap.io,pixelmap.io,pixelmap.io,pixelmap.io,pixelmap.io,pixelmap.io,pixelmap.io,pixelmap.io,pixelmap.io,pixelmap.io,pixelmap.io,pixelmap.io,pixelmap.io,pixelmap.io,pixelmap.io,pixelmap.io,pixelmap.io,pixelmap.io,pixelmap.io,pixelmap.io,pixelmap.io,pixelmap.io,pixelmap.io,pixelmap.io,pixelmap.io,pixelmap.io,pixelmap.io,pixelmap.io,pixelmap.io,pixelmap.io,pixelmap.io,pixelmap.io,pixelmap.io,pixelmap.io,pixelmap.io,pixelmap.io,pixelmap.io,pixelmap.io,pixelmap.io,pixelmap.io,pixelmap.io,pixelmap.io,pixelmap.io,pixelmap.io,pixelmap.io
pixelmap.io,pixelmap.io,pixelmap.io,pixelmap.io,pixelmap.io,pixelmap.io,pixelmap.io,pixelmap.io,pixelmap.io,pixelmap.io,pixelmap.io,pixelmap.io,pixelmap.io,pixelmap.io,pixelmap.io,pixelmap.io,pixelmap.io,pixelmap.io,pixelmap.io,pixelmap.io,pixelmap.io,pixelmap.io,pixelmap.io,pixelmap.io,pixelmap.io,pixelmap.io,pixelmap.io,pixelmap.io,pixelmap.io,pixelmap.io,pixelmap.io,pixelmap.io,pixelmap.io,pixelmap.io,pixelmap.io,pixelmap.io,pixelmap.io,pixelmap.io,pixelmap.io,pixelmap.io,pixelmap.io,pixelmap.io,pixelmap.io,pixelmap.io,pixelmap.io,pixelmap.io,pixelmap.io,pixelmap.io,pixelmap.io
pixelmap.io,pixelmap.io,pixelmap.io,pixelmap.io,pixelmap.io,pixelmap.io,pixelmap.io,pixelmap.io,pixelmap.io,pixelmap.io,pixelmap.io,pixelmap.io,pixelmap.io,pixelmap.io,pixelmap.io,pixelmap.io,pixelmap.io,pixelmap.io,pixelmap.io,pixelmap.io,pixelmap.io,pixelmap.io,pixelmap.io,pixelmap.io,pixelmap.io,pixelmap.io,pixelmap.io,pixelmap.io,pixelmap.io,pixelmap.io,pixelmap.io,pixelmap.io,pixelmap.io,pixelmap.io,pixelmap.io,pixelmap.io,pixelmap.io,pixelmap.io,pixelmap.io,pixelmap.io,pixelmap.io,pixelmap.io,pixelmap.io,pixelmap.io,pixelmap.io,pixelmap.io,pixelmap.io,pixelmap.io,pixelmap.io
pixelmap.io,pixelmap.io,pixelmap.io,pixelmap.io,pixelmap.io,pixelmap.io,pixelmap.io,pixelmap.io,pixelmap.io,pixelmap.io,pixelmap.io,pixelmap.io,pixelmap.io,pixelmap.io,pixelmap.io,pixelmap.io,pixelmap.io,pixelmap.io,pixelmap.io,pixelmap.io,pixelmap.io,pixelmap.io,pixelmap.io,pixelmap.io,pixelmap.io,pixelmap.io,pixelmap.io,pixelmap.io,pixelmap.io,pixelmap.io,pixelmap.io,pixelmap.io,pixelmap.io,pixelmap.io,pixelmap.io,pixelmap.io,pixelmap.io,pixelmap.io,pixelmap.io,pixelmap.io,pixelmap.io,pixelmap.io,pixelmap.io,pixelmap.io,pixelmap.io,pixelmap.io,pixelmap.io,pixelmap.io,pixelmap.io
pixelmap.io,pixelmap.io,pixelmap.io,pixelmap.io,pixelmap.io,pixelmap.io,pixelmap.io,pixelmap.io,pixelmap.io,pixelmap.io,pixelmap.io,pixelmap.io,pixelmap.io,pixelmap.io,pixelmap.io,pixelmap.io,pixelmap.io,pixelmap.io,pixelmap.io,pixelmap.io,pixelmap.io,pixelmap.io,pixelmap.io,pixelmap.io,pixelmap.io,pixelmap.io,pixelmap.io,pixelmap.io,pixelmap.io,pixelmap.io,pixelmap.io,pixelmap.io,pixelmap.io,pixelmap.io,pixelmap.io,pixelmap.io,pixelmap.io,pixelmap.io,pixelmap.io,pixelmap.io,pixelmap.io,pixelmap.io,pixelmap.io,pixelmap.io,pixelmap.io,pixelmap.io,pixelmap.io,pixelmap.io,pixelmap.io
pixelmap.io,pixelmap.io,pixelmap.io,pixelmap.io,pixelmap.io,pixelmap.io,pixelmap.io,pixelmap.io,pixelmap.io,pixelmap.io,pixelmap.io,pixelmap.io,pixelmap.io,pixelmap.io,pixelmap.io,pixelmap.io,pixelmap.io,pixelmap.io,pixelmap.io,pixelmap.io,pixelmap.io,pixelmap.io,pixelmap.io,pixelmap.io,pixelmap.io,pixelmap.io,pixelmap.io,pixelmap.io,pixelmap.io,pixelmap.io,pixelmap.io,pixelmap.io,pixelmap.io,pixelmap.io,pixelmap.io,pixelmap.io,pixelmap.io,pixelmap.io,pixelmap.io,pixelmap.io,pixelmap.io,pixelmap.io,pixelmap.io,pixelmap.io,pixelmap.io,pixelmap.io,pixelmap.io,pixelmap.io,pixelmap.io
pixelmap.io,pixelmap.io,pixelmap.io,pixelmap.io,pixelmap.io,pixelmap.io,pixelmap.io,pixelmap.io,pixelmap.io,pixelmap.io,pixelmap.io,pixelmap.io,pixelmap.io,pixelmap.io,pixelmap.io,pixelmap.io,pixelmap.io,pixelmap.io,pixelmap.io,pixelmap.io,pixelmap.io,pixelmap.io,pixelmap.io,pixelmap.io,pixelmap.io,pixelmap.io,pixelmap.io,pixelmap.io,pixelmap.io,pixelmap.io,pixelmap.io,pixelmap.io,pixelmap.io,pixelmap.io,pixelmap.io,pixelmap.io,pixelmap.io,pixelmap.io,pixelmap.io,pixelmap.io,pixelmap.io,pixelmap.io,pixelmap.io,pixelmap.io,pixelmap.io,pixelmap.io,pixelmap.io,pixelmap.io,pixelmap.io
pixelmap.io,pixelmap.io,pixelmap.io,pixelmap.io,pixelmap.io,pixelmap.io,pixelmap.io,pixelmap.io,pixelmap.io,pixelmap.io,pixelmap.io,pixelmap.io,pixelmap.io,pixelmap.io,pixelmap.io,pixelmap.io,pixelmap.io,pixelmap.io,pixelmap.io,pixelmap.io,pixelmap.io,pixelmap.io,pixelmap.io,pixelmap.io,pixelmap.io,pixelmap.io,pixelmap.io,pixelmap.io,pixelmap.io,pixelmap.io,pixelmap.io,pixelmap.io,pixelmap.io,pixelmap.io,pixelmap.io,pixelmap.io,pixelmap.io,pixelmap.io,pixelmap.io,pixelmap.io,pixelmap.io,pixelmap.io,pixelmap.io,pixelmap.io,pixelmap.io,pixelmap.io,pixelmap.io,pixelmap.io,pixelmap.io
pixelmap.io,pixelmap.io,pixelmap.io,pixelmap.io,pixelmap.io,pixelmap.io,pixelmap.io,pixelmap.io,pixelmap.io,pixelmap.io,pixelmap.io,pixelmap.io,pixelmap.io,pixelmap.io,pixelmap.io,pixelmap.io,pixelmap.io,pixelmap.io,pixelmap.io,pixelmap.io,pixelmap.io,pixelmap.io,pixelmap.io,pixelmap.io,pixelmap.io,pixelmap.io,pixelmap.io,pixelmap.io,pixelmap.io,pixelmap.io,pixelmap.io,pixelmap.io,pixelmap.io,pixelmap.io,pixelmap.io,pixelmap.io,pixelmap.io,pixelmap.io,pixelmap.io,pixelmap.io,pixelmap.io,pixelmap.io,pixelmap.io,pixelmap.io,pixelmap.io,pixelmap.io,pixelmap.io,pixelmap.io,pixelmap.io
pixelmap.io,pixelmap.io,pixelmap.io,pixelmap.io,pixelmap.io,pixelmap.io,pixelmap.io,pixelmap.io,pixelmap.io,pixelmap.io,pixelmap.io,pixelmap.io,pixelmap.io,pixelmap.io,pixelmap.io,pixelmap.io,pixelmap.io,pixelmap.io,pixelmap.io,pixelmap.io,pixelmap.io,pixelmap.io,pixelmap.io,pixelmap.io,pixelmap.io,pixelmap.io,pixelmap.io,pixelmap.io,pixelmap.io,pixelmap.io,pixelmap.io,pixelmap.io,pixelmap.io,pixelmap.io,pixelmap.io,pixelmap.io,pixelmap.io,pixelmap.io,pixelmap.io,pixelmap.io,pixelmap.io,pixelmap.io,pixelmap.io,pixelmap.io,pixelmap.io,pixelmap.io,pixelmap.io,pixelmap.io,pixelmap.io
pixelmap.io,pixelmap.io,pixelmap.io,pixelmap.io,pixelmap.io,pixelmap.io,pixelmap.io,pixelmap.io,pixelmap.io,pixelmap.io,pixelmap.io,pixelmap.io,pixelmap.io,pixelmap.io,pixelmap.io,pixelmap.io,pixelmap.io,pixelmap.io,pixelmap.io,pixelmap.io,pixelmap.io,pixelmap.io,pixelmap.io,pixelmap.io,pixelmap.io,pixelmap.io,pixelmap.io,pixelmap.io,pixelmap.io,pixelmap.io,pixelmap.io,pixelmap.io,pixelmap.io,pixelmap.io,pixelmap.io,pixelmap.io,pixelmap.io,pixelmap.io,pixelmap.io,pixelmap.io,pixelmap.io,pixelmap.io,pixelmap.io,pixelmap.io,pixelmap.io,pixelmap.io,pixelmap.io,pixelmap.io,pixelmap.io
pixelmap.io,pixelmap.io,pixelmap.io,pixelmap.io,pixelmap.io,pixelmap.io,pixelmap.io,pixelmap.io,pixelmap.io,pixelmap.io,pixelmap.io,pixelmap.io,pixelmap.io,pixelmap.io,pixelmap.io,pixelmap.io,pixelmap.io,pixelmap.io,pixelmap.io,pixelmap.io,pixelmap.io,pixelmap.io,pixelmap.io,pixelmap.io,pixelmap.io,pixelmap.io,pixelmap.io,pixelmap.io,pixelmap.io,pixelmap.io,pixelmap.io,pixelmap.io,pixelmap.io,pixelmap.io,pixelmap.io,pixelmap.io,pixelmap.io,pixelmap.io,pixelmap.io,pixelmap.io,pixelmap.io,pixelmap.io,pixelmap.io,pixelmap.io,pixelmap.io,pixelmap.io,pixelmap.io,pixelmap.io,pixelmap.io
pixelmap.io,pixelmap.io,pixelmap.io,pixelmap.io,pixelmap.io,pixelmap.io,pixelmap.io,pixelmap.io,pixelmap.io,pixelmap.io,pixelmap.io,pixelmap.io,pixelmap.io,pixelmap.io,pixelmap.io,pixelmap.io,pixelmap.io,pixelmap.io,pixelmap.io,pixelmap.io,pixelmap.io,pixelmap.io,pixelmap.io,pixelmap.io,pixelmap.io,pixelmap.io,pixelmap.io,pixelmap.io,pixelmap.io,pixelmap.io,pixelmap.io,pixelmap.io,pixelmap.io,pixelmap.io,pixelmap.io,pixelmap.io,pixelmap.io,pixelmap.io,pixelmap.io,pixelmap.io,pixelmap.io,pixelmap.io,pixelmap.io,pixelmap.io,pixelmap.io,pixelmap.io,pixelmap.io,pixelmap.io,pixelmap.io
pixelmap.io,pixelmap.io,pixelmap.io,pixelmap.io,pixelmap.io,pixelmap.io,pixelmap.io,pixelmap.io,pixelmap.io,pixelmap.io,pixelmap.io,pixelmap.io,pixelmap.io,pixelmap.io,pixelmap.io,pixelmap.io,pixelmap.io,pixelmap.io,pixelmap.io,pixelmap.io,pixelmap.io,pixelmap.io,pixelmap.io,pixelmap.io,pixelmap.io,pixelmap.io,pixelmap.io,pixelmap.io,pixelmap.io,pixelmap.io,pixelmap.io,pixelmap.io,pixelmap.io,pixelmap.io,pixelmap.io,pixelmap.io,pixelmap.io,pixelmap.io,pixelmap.io,pixelmap.io,pixelmap.io,pixelmap.io,pixelmap.io,pixelmap.io,pixelmap.io,pixelmap.io,pixelmap.io,pixelmap.io,pixelmap.io
pixelmap.io,pixelmap.io,pixelmap.io,pixelmap.io,pixelmap.io,pixelmap.io,pixelmap.io,pixelmap.io,pixelmap.io,pixelmap.io,pixelmap.io,pixelmap.io,pixelmap.io,pixelmap.io,pixelmap.io,pixelmap.io,pixelmap.io,pixelmap.io,pixelmap.io,pixelmap.io,pixelmap.io,pixelmap.io,pixelmap.io,pixelmap.io,pixelmap.io,pixelmap.io,pixelmap.io,pixelmap.io,pixelmap.io,pixelmap.io,pixelmap.io,pixelmap.io,pixelmap.io,pixelmap.io,pixelmap.io,pixelmap.io,pixelmap.io,pixelmap.io,pixelmap.io,pixelmap.io,pixelmap.io,pixelmap.io,pixelmap.io,pixelmap.io,pixelmap.io,pixelmap.io,pixelmap.io,pixelmap.io,pixelmap.io
pixelmap.io,pixelmap.io,pixelmap.io,pixelmap.io,pixelmap.io,pixelmap.io,pixelmap.io,pixelmap.io,pixelmap.io,pixelmap.io,pixelmap.io,pixelmap.io,pixelmap.io,pixelmap.io,pixelmap.io,pixelmap.io,pixelmap.io,pixelmap.io,pixelmap.io,pixelmap.io,pixelmap.io,pixelmap.io,pixelmap.io,pixelmap.io,pixelmap.io,pixelmap.io,pixelmap.io,pixelmap.io,pixelmap.io,pixelmap.io,pixelmap.io,pixelmap.io,pixelmap.io,pixelmap.io,pixelmap.io,pixelmap.io,pixelmap.io,pixelmap.io,pixelmap.io,pixelmap.io,pixelmap.io,pixelmap.io,pixelmap.io,pixelmap.io,pixelmap.io,pixelmap.io,pixelmap.io,pixelmap.io,pixelmap.io
pixelmap.io,pixelmap.io,pixelmap.io,pixelmap.io,pixelmap.io,pixelmap.io,pixelmap.io,pixelmap.io,pixelmap.io,pixelmap.io,pixelmap.io,pixelmap.io,pixelmap.io,pixelmap.io,pixelmap.io,pixelmap.io,pixelmap.io,pixelmap.io,pixelmap.io,pixelmap.io,pixelmap.io,pixelmap.io,pixelmap.io,pixelmap.io,pixelmap.io,pixelmap.io,pixelmap.io,pixelmap.io,pixelmap.io,pixelmap.io,pixelmap.io,pixelmap.io,pixelmap.io,pixelmap.io,pixelmap.io,pixelmap.io,pixelmap.io,pixelmap.io,pixelmap.io,pixelmap.io,pixelmap.io,pixelmap.io,pixelmap.io,pixelmap.io,pixelmap.io,pixelmap.io,pixelmap.io,pixelmap.io,pixelmap.io
pixelmap.io,pixelmap.io,pixelmap.io,pixelmap.io,pixelmap.io,pixelmap.io,pixelmap.io,pixelmap.io,pixelmap.io,pixelmap.io,pixelmap.io,pixelmap.io,pixelmap.io,pixelmap.io,pixelmap.io,pixelmap.io,pixelmap.io,pixelmap.io,pixelmap.io,pixelmap.io,pixelmap.io,pixelmap.io,pixelmap.io,pixelmap.io,pixelmap.io,pixelmap.io,pixelmap.io,pixelmap.io,pixelmap.io,pixelmap.io,pixelmap.io,pixelmap.io,pixelmap.io,pixelmap.io,pixelmap.io,pixelmap.io,pixelmap.io,pixelmap.io,pixelmap.io,pixelmap.io,pixelmap.io,pixelmap.io,pixelmap.io,pixelmap.io,pixelmap.io,pixelmap.io,pixelmap.io,pixelmap.io,pixelmap.io
pixelmap.io,pixelmap.io,pixelmap.io,pixelmap.io,pixelmap.io,pixelmap.io,pixelmap.io,pixelmap.io,pixelmap.io,pixelmap.io,pixelmap.io,pixelmap.io,pixelmap.io,pixelmap.io,pixelmap.io,pixelmap.io,pixelmap.io,pixelmap.io,pixelmap.io,pixelmap.io,pixelmap.io,pixelmap.io,pixelmap.io,pixelmap.io,pixelmap.io,pixelmap.io,pixelmap.io,pixelmap.io,pixelmap.io,pixelmap.io,pixelmap.io,pixelmap.io,pixelmap.io,pixelmap.io,pixelmap.io,pixelmap.io,pixelmap.io,pixelmap.io,pixelmap.io,pixelmap.io,pixelmap.io,pixelmap.io,pixelmap.io,pixelmap.io,pixelmap.io,pixelmap.io,pixelmap.io,pixelmap.io,pixelmap.io
pixelmap.io,pixelmap.io,pixelmap.io,pixelmap.io,pixelmap.io,pixelmap.io,pixelmap.io,pixelmap.io,pixelmap.io,pixelmap.io,pixelmap.io,pixelmap.io,pixelmap.io,pixelmap.io,pixelmap.io,pixelmap.io,pixelmap.io,pixelmap.io,pixelmap.io,pixelmap.io,pixelmap.io,pixelmap.io,pixelmap.io,pixelmap.io,pixelmap.io,pixelmap.io,pixelmap.io,pixelmap.io,pixelmap.io,pixelmap.io,pixelmap.io,pixelmap.io,pixelmap.io,pixelmap.io,pixelmap.io,pixelmap.io,pixelmap.io,pixelmap.io,pixelmap.io,pixelmap.io,pixelmap.io,pixelmap.io,pixelmap.io,pixelmap.io,pixelmap.io,pixelmap.io,pixelmap.io,pixelmap.io,pixelmap.io
pixelmap.io,pixelmap.io,pixelmap.io,pixelmap.io,pixelmap.io,pixelmap.io,pixelmap.io,pixelmap.io,pixelmap.io,pixelmap.io,pixelmap.io,pixelmap.io,pixelmap.io,pixelmap.io,pixelmap.io,pixelmap.io,pixelmap.io,pixelmap.io,pixelmap.io,pixelmap.io,pixelmap.io,pixelmap.io,pixelmap.io,pixelmap.io,pixelmap.io,pixelmap.io,pixelmap.io,pixelmap.io,pixelmap.io,pixelmap.io,pixelmap.io,pixelmap.io,pixelmap.io,pixelmap.io,pixelmap.io,pixelmap.io,pixelmap.io,pixelmap.io,pixelmap.io,pixelmap.io,pixelmap.io,pixelmap.io,pixelmap.io,pixelmap.io,pixelmap.io,pixelmap.io,pixelmap.io,pixelmap.io,pixelmap.io
pixelmap.io,pixelmap.io,pixelmap.io,pixelmap.io,pixelmap.io,pixelmap.io,pixelmap.io,pixelmap.io,pixelmap.io,pixelmap.io,pixelmap.io,pixelmap.io,pixelmap.io,pixelmap.io,pixelmap.io,pixelmap.io,pixelmap.io,pixelmap.io,pixelmap.io,pixelmap.io,pixelmap.io,pixelmap.io,pixelmap.io,pixelmap.io,pixelmap.io,pixelmap.io,pixelmap.io,pixelmap.io,pixelmap.io,pixelmap.io,pixelmap.io,pixelmap.io,pixelmap.io,pixelmap.io,pixelmap.io,pixelmap.io,pixelmap.io,pixelmap.io,pixelmap.io,pixelmap.io,pixelmap.io,pixelmap.io,pixelmap.io,pixelmap.io,pixelmap.io,pixelmap.io,pixelmap.io,pixelmap.io,pixelmap.io
pixelmap.io,pixelmap.io,pixelmap.io,pixelmap.io,pixelmap.io,pixelmap.io,pixelmap.io,pixelmap.io,pixelmap.io,pixelmap.io,pixelmap.io,pixelmap.io,pixelmap.io,pixelmap.io,pixelmap.io,pixelmap.io,pixelmap.io,pixelmap.io,pixelmap.io,pixelmap.io,pixelmap.io,pixelmap.io,pixelmap.io,pixelmap.io,pixelmap.io,pixelmap.io,pixelmap.io,pixelmap.io,pixelmap.io,pixelmap.io,pixelmap.io,pixelmap.io,pixelmap.io,pixelmap.io,pixelmap.io,pixelmap.io,pixelmap.io,pixelmap.io,pixelmap.io,pixelmap.io,pixelmap.io,pixelmap.io,pixelmap.io,pixelmap.io,pixelmap.io,pixelmap.io,pixelmap.io,pixelmap.io,pixelmap.io
pixelmap.io,pixelmap.io,pixelmap.io,pixelmap.io,pixelmap.io,pixelmap.io,pixelmap.io,pixelmap.io,pixelmap.io,pixelmap.io,pixelmap.io,pixelmap.io,pixelmap.io,pixelmap.io,pixelmap.io,pixelmap.io,pixelmap.io,pixelmap.io,pixelmap.io,pixelmap.io,pixelmap.io,pixelmap.io,pixelmap.io,pixelmap.io,pixelmap.io,pixelmap.io,pixelmap.io,pixelmap.io,pixelmap.io,pixelmap.io,pixelmap.io,pixelmap.io,pixelmap.io,pixelmap.io,pixelmap.io,pixelmap.io,pixelmap.io,pixelmap.io,pixelmap.io,pixelmap.io,pixelmap.io,pixelmap.io,pixelmap.io,pixelmap.io,pixelmap.io,pixelmap.io,pixelmap.io,pixelmap.io,pixelmap.io
pixelmap.io,pixelmap.io,pixelmap.io,pixelmap.io,pixelmap.io,pixelmap.io,pixelmap.io,pixelmap.io,pixelmap.io,pixelmap.io,pixelmap.io,pixelmap.io,pixelmap.io,pixelmap.io,pixelmap.io,pixelmap.io,pixelmap.io,pixelmap.io,pixelmap.io,pixelmap.io,pixelmap.io,pixelmap.io,pixelmap.io,pixelmap.io,pixelmap.io,pixelmap.io,pixelmap.io,pixelmap.io,pixelmap.io,pixelmap.io,pixelmap.io,pixelmap.io,pixelmap.io,pixelmap.io,pixelmap.io,pixelmap.io,pixelmap.io,pixelmap.io,pixelmap.io,pixelmap.io,pixelmap.io,pixelmap.io,pixelmap.io,pixelmap.io,pixelmap.io,pixelmap.io,pixelmap.io,pixelmap.io,pixelmap.io
pixelmap.io,pixelmap.io,pixelmap.io,pixelmap.io,pixelmap.io,pixelmap.io,pixelmap.io,pixelmap.io,pixelmap.io,pixelmap.io,pixelmap.io,pixelmap.io,pixelmap.io,pixelmap.io,pixelmap.io,pixelmap.io,pixelmap.io,pixelmap.io,pixelmap.io,pixelmap.io,pixelmap.io,pixelmap.io,pixelmap.io,pixelmap.io,pixelmap.io,pixelmap.io,pixelmap.io,pixelmap.io,pixelmap.io,pixelmap.io,pixelmap.io,pixelmap.io,pixelmap.io,pixelmap.io,pixelmap.io,pixelmap.io,pixelmap.io,pixelmap.io,pixelmap.io,pixelmap.io,pixelmap.io,pixelmap.io,pixelmap.io,pixelmap.io,pixelmap.io,pixelmap.io,pixelmap.io,pixelmap.io,pixelmap.io